ID,SCREENNAME,FOLLOWERCOUNT
1285333231064293378,dpoe_network,527
1450002808229580805,claasen_llew,32
1441071761030664197,SwathiVenk,5
239722311,JoeranBeel,554
799574,dietrich,5170
1469241337,thiriveedhisree,23
1365325922157658117,CosseyKimberley,69
1448199718425796612,tpdl2022,25
1443902183133564931,laminca04748103,42
262147093,thesquashSH,2077
1326942361440706561,GSSTCompSci,0
1442915751451500544,TariqueRukshan,6
1367257633602740227,15Jowens,11
1367260620555452423,kaypineda3,6
754350150357807104,HermannKroll,20
95278991,b1ninch,305
64245814,sethvanhooland,1498
791341720470429696,penny2hutson,13
780941853512372224,_SheenSheen_,0
1427564913602568193,jcdl2022,74
222584301,adbarbaresi,637
16632193,LyndaLSF,86
918044600,out_of_townie,1
846974414256324608,LunaticBugbear,8
497739974,mk344567,38
780577332805242880,EmilyEscamilla_,28
1432774155804499975,NorfolkIndoor,67
261697874,AhmedAAlghamdi,182
378202816,Milbala,8
1061616835,JamieMSmyth,1254
1417759092593119234,nasreenarif95,4
732268480179908609,ErikaFrydenlund,250
47971284,AGreenDCBike,1211
1288735657863643136,ordSerbia,141
116337949,mfgaede,1914
14121668,euanc,2700
991182416,VickyRampin,2193
1265415165467660292,urlfreezer,265
2997497762,kutmaakclement1,53
1425100401217576961,MathiasStefan5,29
1106307650533363714,Harrypatrick687,41
2511044237,AjayiKehindep,41
8273852,silvertje,7097
1083178126945984513,SoadIbrahim16,8
32917718,CristianNorocel,953
2798804447,oacore,2350
1403868055541854209,StepBaker1,304
1376521629078028288,Respadon_Projet,286
3186594402,nepali_photon,104
149005714,PrateekPrasana,183
1398702580591742979,abraham76262148,6
1396290621644607490,DivideZero2,14
2490297780,valerie_schafer,2195
18957805,internetarchive,192715
279176818,SyedRizvi114,171
844036734,La_Elichola,1593
1384087863248134150,Lucy04391572,17
1190461842922995712,CIKM2021,777
1363378838479261697,Bright78630075,15
271609574,SebRobMTL,77
1366415265458700293,EthanDsmith2,30
953186687261134848,yuwen_lu_,201
22160201,fpmarconi,23423
18399014,PatWhite70,41543
1235595204175884289,liya_lamia,31
2025101,PFCdgayo,1730
1357492233566584832,RobertMaxSlick1,12
2806320271,maruf_sakib,68
888821797122080768,SpirosTsalikis,7
1296596841732009985,jvsjsu,352
1354184838941696008,MummertWilliam,8
905638971362996224,DannyDChef,53
1352772840110616577,cbusd001,4
1569615132,abhiram_1289,102
1033301899536228352,dimitri81228179,9
1336774232676700162,ThomasA22080824,0
233049998,ondranicole,12
8500742,carltonnorthern,146
335488383,AtmaKaram,362
1330777669307392001,ArchiveBoxApp,254
1328690921446273024,AcmPads,12
1319251826982686720,OrodjeAme,16
719447142650273792,datovisual,826
1308740938785861636,ZKavvadia,5
3940651277,migohe14,105
13686942,jakkbl,406
831353796,AmandaGreenw00d,50
752355219955154944,lee_bcg,801
1052541652680638464,Mayukh84159000,118
113305345,BrenMckinley,188
206340497,webarchiv_cz,149
1306248923842052097,Sunshin64868465,0
15785369,pfoytik,119
1301310099164737536,udithprabhu,22
25758355,SirJamesBurns,30
1094978973245812738,atlantianapurv,22
355852416,dkfzhf111,38
42337563,claudiodgl,74
15923007,Harry_MiniumODU,5472
869730592799281153,CanuckDee2,262
278198164,AAlasaadi,105
2919263380,WessamElhefnawy,113
169666017,stagedreaction,4537
2330940993,ebel_nwafor,58
908722394,TicksRock,373
1192443631350796289,abigail_mabe,55
1241916530973163521,usersami7,45
3234404271,brcrau,229
755808986977501184,giridahran_offl,2
1265359809349660672,Xin46678113,43
48382538,amelia_acker,3022
1061370768385327105,metamerlabs,138
26921595,CandyHatcher,126
41181426,karensnet,7
3067930637,JimSaiya,251
2436932576,ifoundtheme,1846
1249249933833764865,Marcumlau,206
20449047,mcguthrie,956
4896184433,ODUVMASC,455
899700368208261125,Data_Together,227
2914605289,fadlan_anam,525
1227002684789514240,AlanChe80864281,1
2847587880,real_currents,49
952487271705530368,PramodShehan5,23
1225516437785206784,harveenkaur121,18
1200680935764746240,Jonahdickson6,9
1222224279728640002,liang_xiaoqin,31
1221472071299010561,EvanS17824304,21
1221796655655047169,MahsaSharifi11,28
1220772348401307649,iesakiotis,23
1221649856525209600,dodlapati_reddy,72
1221214731761078272,pates_richard,53
1183024705663463424,l_lsharkey,19
1221115389079379970,TareqSaeed20,19
1220476379206164480,IvanM08106184,12
1220049301050667008,TevinDennis3,10
1205644960361406464,Morteza46307480,20
1219709744073474048,ReddyDodlapati,3
1219667986451222535,tphasty,12
1219622016522670081,brehallie2,18
1219285474533167110,P_S_Scheuermann,8
1217668183483658240,Nej1E,73
1205333199477493760,TReid803,108
3085709819,jackieinva,205
1191265055112859649,Sergio70460461,42
1196166843053961216,ArchitectDy,13
1193122769883541505,DukeCarlos5,82
47995926,IKaeRI,96
814881163059806208,becerratops,216
956249221941751813,NirdsLab,75
2722830710,SoftPresNetwork,1428
1192435427518619649,dhruv_282,50
1179138666477674497,millennial_gis,317
743086431971778561,unleasharchives,1416
390440010,LanaAlsabbagh,206
1151474119252336641,EWAConf,479
1164239759721394176,VikasGAshok1,82
1175558436135813122,DrMarkwilliam2,26
1174858634066616323,FrankMo54284670,13
123199606,jaf_ferdous,115
774291230985367552,mahanama94,113
384353422,jimmy_ecker,522
570277495,haoscs,93
945086682805633024,Lhuaroto1,1
16868154,arjenpdevries,2304
936026224937308161,TasinChoudhury,117
1164345529918115840,OsamaTheRuler,4
618128128,ShuiwangJi,970
885393684912635904,itzMASheikh,49
1163731318091452416,Jie93488229,5
256842707,tamernadeem,100
217377296,matthias_hagen,674
1141100839437836288,Emojiche,46
1159091256766713856,HimarshaJ,199
742639456080039936,4tykhonov,454
157012781,RahelJhirad,1459
10271802,adammo,334
869113722530402304,yvesmaurer,313
4909734269,ricardobasilio_,124
605923,walkeroh,981
189145660,JoshuaFinnell,1140
1131248236168175617,DKE_Group_Gipp,118
1008388189826973696,SundryTomatoes,42
1118163140485832704,AlexGar89904842,158
1132403031830618119,sheissheba,51
1723337161,SaraSprenkle,284
264861144,kritika_garg,208
831213299643584512,a_abdulrahman82,8
19613659,shuri_org,875
973652743998115840,brinabyte,228
1122452768776527875,QueenRoyca,17
121140906,cni_org,4176
1121089643133460481,ODUCFD,74
1118049047087132672,Muhamme12244724,97
3459604876,ODUmlis,261
15709998,scottabbey,86
704828545130835968,22bolter,65
35213582,nakedpastor,22488
1106677911032119297,NiphadkarNeha,32
14341386,soilandreyes,1325
1098191336468041729,StyufV,517
311164029,kkt_tweet,36
856814478,SamVFritz,340
1047393245674725376,Codify_Designs,26
1089947667852083200,ODUSCI,485
1086431127500410880,JamesWi47315107,296
213612790,mayank_iitgn,423
90327389,japharl,651
1088141174769106945,VamsiKr94338785,3
1085975614564253697,mstev0du,14
125577272,PuneethBikks,31
2607674898,yasithmilinda,231
1082272780542988289,Gavindya2,146
285932503,gracehthom,746
84562497,mahfuzulhoq,63
360935984,sticledis,279
2370912601,Medium_Aevum,8723
915196352,profdownie,823
888343617307148289,AirccfpIjans,27
16309753,Mahmoud_Banna,339
839212831,_aniketpasalkar,613
28288234,ShicretaM,733
1047918032570523648,UdochiNweke,2
197877074,unmil,315
932898486424440832,itii_journal,103
10034972,tjowens,10884
122477531,MIThyperstudio,2280
254201259,merbroussard,20893
60923303,realjasonrich,82
27838943,mpmorillo,488
3760398976,diskretewerte,555
15841047,bigbluehat,2076
1911773226,KbeKwasi,101
398726412,kumarshb,49
1034574754781511680,SusanZ007,47
1025874262945611776,climate_gamers,807
1027016812658085888,Bathshe25693892,0
122387614,genafraggle,287
539316186,aparupkhatua,161
8769542,peterkz_swe,3855
47233122,vinaygo,227
887212087449010176,ijngnjournal2,37
3080761,mattcutts,513697
57014378,joannafinegan,251
773474414516015104,ijicsjournal,44
902487628578095107,graphhoc,14
5693852,stevesunypoly,416
22898537,anatbd,1439
539768101,CamtheWicked,111
145310513,f_nanni,896
15709458,AntalGP,433
164805193,pavlos098,197
899324236610715648,TheDevsNetwork,468
14807028,knmnyn,1095
43868896,kaiec,349
817603403677253633,TirthankarSlg,321
2771013624,z_vvvv,1
2351420289,SystemicSarcasm,796
15931296,fanchyna,172
997804160,AMRALZOGBY,21
840612089626468353,i4oc_org,3866
1711281463,clancynewyork,6175
5380512,danniethedelta,269
3367252762,DrCurtisFreeman,2424
1637456210,KotsemirMaxim,938
863233914,OpenMaze,237
743848332804628485,jcdl2018,128
50122046,melissaterras,18692
14278162,maxgreco,1164
3256198422,Puya_Ghazizadeh,18
4502652733,IlyaKreymer,744
149163722,chandakaniket,124
975404447449993216,SirigerePrakash,5
202501551,mjgengenbach,323
38996816,mhucka,834
926744156294090752,KottakkalAnju,10
962891533904068608,IRI_2019,16
2182839406,shubyzen,110
15449070,brettbobley,7201
920700510306529280,acm_ictir,641
1148354221,emilymaemura,267
820266752617615361,wfpsb,641
420457074,owilliamsdc,2239
958589852634746880,theenneaproject,557
957904450047414272,sahelno,2
56285668,kalpeshpadia,79
1381440247,soakedinyellow,100
57642998,fileformat,6
603399914,YIFEOLUWA,3
203744844,yanjiefoo,114
846395581471838208,DamienD78,13
543394546,Mittrach_garten,35
942459317449580553,bobcatsss2019,483
22943563,abugseye,981
813645631294152705,Sageprofessor,148
1632131,michelle__breen,2052
3707214743,saglikozhan,1140
936161773325078528,larryalex5555,18
35592012,Geoffmuse,1458
2151332060,rsko83,272
14707329,timgollins,4282
894036494096113664,pluto_corp,1232
4897300665,wospworkshop,208
921741994577334278,WaelKholakyy,6
34775622,vneblitt,95
919976834577641473,Michael21870514,381
891653392736501760,SugarRuy,0
191032987,MarthaBunton,667
907341293717737473,m_nsiddique,112
824794440409706496,mir_smi,91
4724374220,chaiTnCode,53
808893873766432768,maheedhargunnam,70
315675025,BabaKristian,6451
791685941672935424,ScHealyire,569
34317032,KHayhoe,201856
344269976,hstrelecki,285
1148762064,WebArch_RT,1545
307755344,UKWebArchive,6588
146977144,KRGilbertson,933
887768849503973378,mekdl59,7
190987043,aleebrahim,2644
868341456972525569,PlinioHVargas,58
821042028800802816,grantcatkins,98
878776601890086913,Raj78888100,17
24092133,ruebot,1638
2173480850,BreitingerC,172
135076044,enigmaticocean,1436
455827771,BelaGipp,329
18663040,ashley247,1120
796050591248220162,quilldir,1742
281068455,jasminemulliken,578
3042711,MarkGraham,3418
54257466,NYhuman,2423
828469626124136448,BabithaBokka,3
1701371,anjacks0n,3101
36299530,e_mccain,550
852241,lisawilliams,6530
2991697611,nanopub_org,587
1564889394,heenalsanghvi,0
825218681252765696,Hussam_A_Hallak,91
476100749,pj_webster,3670
7377862,cazzerson,1164
19203768,katestarbird,42209
797693495553232896,Vendett26972328,13
258032124,ChiefScientist,5196
198380023,Chopper_Boy,14973
13645402,ChrisAldrich,2633
104591562,oducs,405
729223119030751232,sheershasamach1,86
820395,ccweigle,2
739900844531974144,jcdl2017,209
54493821,Manoj_Chandra11,46
737852660183932928,Tunaz_Islam,113
708690890974470145,mridulish,3
618889136,archiveis,3346
4738176435,Mementoweb,157
30180284,Doorcow,2611
14564240,vphill,1305
1589381,RyanDeschamps,3372
106536714,Faryane,89
19543146,alabarga,1739
220983330,helgeho,206
589300441,JASIST,4459
256118545,normeu,117
1299060908,DanKerchner,383
16700783,LizzyInfo101,286
2239834663,nyarcist,1073
1200468920,MyriamCTraub,206
50128998,jessogden,2445
742243474485956608,Mohamma47262302,9
326644141,amlhasbat,1
173013762,doviethung,16
2495140081,KarenKvaughan,4
2153354521,iq136boy,2
255681367,ianmilligan1,5470
698172818563952640,LarryWilson1942,28
18076477,Maria_Brid,883
3485785534,manoj_chandra_k,10
4844579470,johnaberlin,185
284205655,erikaris,328
27013170,moffattchristie,142
15754107,WHRO,4211
15970999,keesone,1402
727549675,topgolfvabeach,2811
1794171,ptrourke,197
3855821243,jayaikat,20
3439046147,kaylamarie0110,30
245981438,Thaer_samar,18
3809474417,ClaytonMccallum,26
153136109,cbmrccc,1775
889998600,DavidGotz,602
3405639663,jcdl2016,124
97436767,ijdl,221
2278388744,AutonomyIncub8r,647
3589613055,valeriepotter31,66
3404105714,WesFelDAAC,1
3431446607,hdo003,1
77531826,involutish,4
78269677,iFromm,1240
3354261519,HamptonRFinest,2485
2434191466,hokie4kids,14
2580841434,lemoine_al,90
116974911,vincelebow,897
3271976762,kingswebit,114
2396255567,FFuqiang,399
26396580,CAredwoodGrl,45
3241373905,NgYewli,14
31866134,okzach,113
6758652,docmattweber,1763
14629974,brianwc,797
1686799970,FreeLawProject,8281
259850415,NetPreserve,3567
3219466105,bigstotle,9
3099127504,getasijimyni,114
3161452212,AliShamim333,9
365952591,joc7188,48
1862092890,CorrenMcCoy,73
2936496598,artlibrariannyc,444
174805704,JessiDG,1909
22689222,athurman,300
274274893,technelily,428
2986305078,JCDLConf,313
1187739625,KhaledAusMainz,10
70381169,Seekjesusnow,176
248487038,Moha_Magdy,757
2908594483,mamaj1953,14
707840696,landlibrarian,1370
65829374,HouseofMadclass,106
2865759292,raweigle1,6
18227931,aag1091,647
387831845,maherzog,474
2796664071,LMForensics,37
35063411,liblaura,784
19776081,bindonlane,625
2800143252,LulwahMA,71
2592291038,acnwala,386
2763613546,momof3inov,8
79942228,kaskekanke,603
244663348,LittlePeteHX853,255
320298773,perrycollins,1421
2533947620,Lmalongo2,467
14149525,fmccown,409
1511472330,maturban1,196
36132608,this_phillips,218
1383120733,kcare704,42
2381231737,DrDanetteAllen,255
2359848976,joseph_deanna,33
538185924,TamerRagaee,34
22058343,elizabethagan,7348
2322493710,ShanaJones71,226
355773903,archiveitorg,8026
221783062,denimsmith,779
711254847,EgglestonChad,314
2243119087,KristenWaltersL,11
818102,obfern,12
1444456622,AnnaPerricci,802
50410039,NancyAjarmeh,390
15842692,JenServenti,4261
15044465,nullhandle,1210
22826489,shawnmjones,672
151901549,phonedude_mln,1265
1927768428,WebSciDL,651
195447741,samy_tawab,301
12434302,jschneider,3539
199205892,atomotic,1213
466184798,abettlam,33
1031591,mcdonald,2738
39125230,douglasbechara,74
382427814,ehetzner,72
201612370,hanysalaheldeen,180
28631536,ibnesayeed,807
104074179,mhdfadhil,382
57553780,babbiep,136
549981650,cbrittpeterson,70
20816117,jasonhcook,415
98296019,msmelaniemills,32
17075190,christawells,2456
380373487,queenborgtweets,1362
249127464,aheshamSalem,244
830441646,UCampusODU,571
12006852,freegovinfo,1431
48082526,agrotke,1815
954570740,EkinNefes,1
606550203,jcdl2013,268
211554263,mqbarrett,207
377121556,mattbryant01,59
399555239,PoppaTiger1,245
32747579,ScottGAinsworth,153
619160729,WSDLtest,2
337124515,mart1nkle1n,989
605081124,Chisellaw,13
14211946,rachelheldevans,159567
570557060,emilyfruge1974,77
221460308,yasmina_anwar,450
479894950,machawk1,686
350556278,pixprin,1347
278661116,aalsum,376
16861499,mandyemcmichael,506
269869476,AprilinNC,29
180473295,justinfbrunelle,324
18638955,mousta,418
23670057,WndringAramean,69
16914744,BrianAcomedian,430
